[
  {
    "id": "1",
    "title": "Добро пожаловать в блог",
    "content": "Это первая статья в нашем блоге. Здесь мы будем делиться интересными материалами.",
    "author": "Администратор",
    "tags": ["приветствие", "новости"],
    "createdAt": "2024-01-15T10:00:00.000Z",
    "updatedAt": "2024-01-15T10:00:00.000Z"
  },
  {
    "id": "2", 
    "title": "Основы REST API",
    "content": "REST API - это архитектурный стиль для создания веб-сервисов. В этой статье рассмотрим основные принципы.",
    "author": "Разработчик",
    "tags": ["api", "rest", "программирование"],
    "createdAt": "2024-01-16T14:30:00.000Z",
    "updatedAt": "2024-01-16T14:30:00.000Z"
  }
]